expid,mse_mean,sharpe_mean,sharpe_median,vol_ratio_mean
H4_k22,0.000737171502076879,0.4277160088194796,0.3071773466825112,1.0701600551332258
H4_k24,0.000737171502076879,0.4215606377315645,0.30854736020034196,1.0831791581855292
H7_k20_volaware,0.000737171502076879,0.4361601724039311,0.30566584661584345,1.0473795488434352
H8_top20,0.00013005779639046366,0.5848179805520772,0.5248667245938665,1.080152811996617
H8_top40,0.00028468401926417706,0.4972494881274006,0.43618690293800727,1.274546777024113
