expid,mse_mean,sharpe_mean,sharpe_std,sharpe_median,vol_ratio_mean
H11_gbr_top20,0.00014633421259515095,0.5655398510027305,0.23086962456301102,0.5788282213478068,1.2010628594083346
H11_gbr_top20_volaware,0.00014633421259515095,0.5655403941015835,0.2308686852343339,0.5788282213478068,1.1646167948226434
