expid,mse_mean,sharpe_mean,sharpe_median,vol_ratio_mean
H4_k30,0.000737171502076879,0.4154538152176535,0.31188204243747913,1.1233789685644688
H6mask_lasso,0.0001232836383320569,0.5588986728439392,0.4780822898236894,0.9997442480577725
H6mask_ridge,0.0005116493792492548,0.4038945416489795,0.3210652171102297,1.1936189365118886
H7_k25_volaware,0.000737171502076879,0.41976244013719805,0.30918163070593896,1.0669527882692706
H7_k30_volaware,0.000737171502076879,0.41545405645773864,0.31188204243747913,1.0877414785479569
R_lasso_hi,0.0001232836383320569,0.5588986728439392,0.4780822898236894,0.9997442480577725
R_lasso_lo,0.00012641030455999073,0.6040020784742822,0.5580291481809329,1.0972892203814817
