expid,mse_mean,sharpe_mean,sharpe_std,sharpe_median,vol_ratio_mean
H4_k18,0.000737171502076879,0.4435554395930981,0.34167803196320695,0.3040053801816834,1.0454669367288347
