expid,mse_mean,sharpe_mean,sharpe_std,sharpe_median,vol_ratio_mean
H7_lasso_lo_top20_volaware,0.0001240468141034392,0.5732950910690178,0.2297891370429059,0.4831400268409761,1.0506779535634063
