expid,mse_mean,sharpe_mean,sharpe_median,vol_ratio_mean
BASE,0.000737171502076879,0.3830954133927228,0.33253538603460425,1.2493324168910178
H1_scale,0.0007302398676096968,0.37801868793563576,0.3357461328003073,1.2588788567597187
H2_interact,0.0007660697244860867,0.3804207468837929,0.40643946118887814,1.2459840444983528
H4_k35,0.000737171502076879,0.4080953841936202,0.3138778702297765,1.1576781403107383
H5_volaware,0.000737171502076879,0.38309628583495925,0.33253666532866955,1.1335984480784558
