mse,vol_ratio,sharpe,fold,cv_type,n_features
0.00012492392862082204,1.2411023812113244,0.6976053134639769,1,3-fold,20
0.0001440938712679344,1.4842056333800997,1.1419923729326782,2,3-fold,20
0.00010938234625610885,1.3181205651995849,1.163164995310505,3,3-fold,20
0.00015180602337302036,1.4510487545441235,0.6299649488742565,1,5-fold,20
0.00010301337128086345,1.4849501470726894,0.5700044016457881,2,5-fold,20
0.00018096428380436226,1.5036754650884259,1.0567961912152892,3,5-fold,20
6.846962006207784e-05,1.202072898475075,1.1052614620077172,4,5-fold,20
0.0001348856507893485,1.331088260513794,0.5450360585159293,5,5-fold,20
