feature_set,n_features,mse
Top 20 (base),20,0.0001373561928717611
Top 30 (interactions),30,0.00013411760153628438
Top 50 (interactions),50,0.0001338766716510778
All 120,120,0.00013159535283873948
