mse,vol_ratio,sharpe,strat_vol,mkt_vol,pos_mean,pos_std,pos_min,pos_max,fold
0.00019770192952846908,1.492091173248822,0.40459811182678224,0.018015441828555,0.012073955098419936,1.0825884017787981,0.8115732588364757,0.0,2.0,0
0.00017954354032499362,1.0963923283742152,1.3002266402721596,0.010745328195315531,0.009800623296269535,0.6063902139535424,0.7789159922394767,0.0,2.0,1
0.00025339082600705896,1.3366162851557948,0.8398258666680868,0.01773438527159202,0.013268120004631633,0.816391146737269,0.7638368702211795,0.0,2.0,2
0.00018527024471516398,1.2148632852640489,0.7042765733013953,0.009952758711591047,0.00819249279512783,0.6277190769711479,0.7673254704368323,0.0,2.0,3
0.00022754365480155163,1.3705805582613653,0.7298628108101626,0.01557634206729481,0.011364776753475919,0.746429660614394,0.8023978875766105,0.0,2.0,4
