mse,vol_ratio,sharpe,strat_vol,mkt_vol,pos_mean,pos_std,pos_min,pos_max,fold
0.00019770192952846908,1.5407449302442635,0.3401305554767341,0.018602885105887396,0.012073955098419936,1.0681067051029096,0.9187723502744395,0.0,2.0,0
0.00017954354032499362,1.140165637382276,1.2549176708894936,0.011174333907334737,0.009800623296269535,0.5625193444877472,0.8499101430585886,0.0,2.0,1
0.00025339082600705896,1.4031528833631999,0.673588148073093,0.01861720084130783,0.013268120004631633,0.7739286888683851,0.890449391078429,0.0,2.0,2
0.00018527024471516398,1.3014667642331625,0.5998107479993225,0.010662257089078515,0.00819249279512783,0.6026164197969833,0.8567945821043366,0.0,2.0,3
0.00022754365480155163,1.4341673768611642,0.6533326777543204,0.016298992065145297,0.011364776753475919,0.7072250865062141,0.8955485677922238,0.0,2.0,4
