mse,vol_ratio,sharpe,strat_vol,mkt_vol,pos_mean,pos_std,pos_min,pos_max,fold
0.00019770192952846908,1.177533913296956,0.5201778069999736,0.014217491596014162,0.012073955098419936,1.0456759887812428,0.3613529709640709,0.20436378387858423,2.0,0
0.00017954354032499362,0.998372028249969,1.1556796805835816,0.009784668158410512,0.009800623296269535,0.8314704934328445,0.43865789314519515,0.0,2.0,1
0.00025339082600705896,1.1765185935694589,0.7531436246374217,0.01561018988716001,0.013268120004631633,0.9433772915330991,0.4066817572305179,0.0,2.0,2
0.00018527024471516398,1.069775074004568,0.9151768183494073,0.008764124586189765,0.00819249279512783,0.852504538594002,0.4027040215415206,0.0,2.0,3
0.00022754365480155163,1.2176630929260774,0.7612006262251539,0.013838469212051873,0.011364776753475919,0.9184702312802164,0.4032400941051767,0.0,2.0,4
