experiment,sharpe_mean,sharpe_std,sharpe_median,vol_ratio_mean,vol_ratio_std,mse_mean,pos_mean_avg,pos_std_avg,pos_range_avg
H3a_large_k500,0.8357369234028319,0.292482921278677,0.7953050197612496,1.2557420582143255,0.14123878033626341,0.00012597359436364373,0.8282374386129113,0.6809669222779652,2.0
H2a_pred_scaling_k50,0.8210757113591077,0.20954912437490736,0.7612006262251539,1.1279725404094059,0.08129044472580267,0.00020869003907544745,0.918299708724281,0.40252734739729623,1.9591272432242832
H2a_pred_scaling_k200,0.7957580005757172,0.2905676070712559,0.7298628108101626,1.3021087260608493,0.13557543796433852,0.00020869003907544745,0.7759037000110303,0.7848098958621149,2.0
H3a_large_k200,0.7878192535910343,0.15913773028111192,0.7686669473334872,1.134657774606036,0.0931698886657109,0.00012597359436364373,0.9322074296020926,0.3960229738951796,2.0
H3a_large_k1000,0.7779094561226817,0.31395344216048354,0.713141145702477,1.3173431885589806,0.14462542038045204,0.00012597359436364373,0.7699423102805999,0.8101763869658157,2.0
H1a_pos_direct_k100,0.670751127020648,0.25165687879818227,0.717692098420616,1.1267670781364307,0.18352403430585618,0.000185060959533091,1.0033852900414602,0.3325218532652105,1.5926388270354033
