sharpe,mse,fold,seq_len
0.589380559117832,0.00012391921088398828,1,20
0.661061910757947,0.00014158841763381216,2,20
0.8849988344278544,0.00010928399719076295,3,20
