sharpe,mse,fold,seq_len
-0.09440172893696178,0.0002379200001579236,1,10
0.8416398464313607,0.0001422136994013885,2,10
0.8426050465176479,0.00010828695538328554,3,10
