group,features,missing_mean,missing_median
D,9,0.0,0.0
E,20,0.15278642936596218,0.11190211345939934
I,9,0.11190211345939932,0.11190211345939934
M,18,0.2549375849709554,0.11190211345939934
P,13,0.12738940703345597,0.11190211345939934
S,12,0.20242862439747866,0.11190211345939934
V,13,0.1982544707794986,0.11190211345939934
d,1,0.0,0.0
f,1,0.0,0.0
m,1,0.0,0.0
r,1,0.0,0.0
