sharpe,utility,fold,k
0.09735266425579375,0.02874138346501632,1,2000
0.49638925040738213,0.8105981828824957,2,2000
0.8184086954770688,1.1408176904810818,3,2000
