sharpe,utility,fold,k
0.11832177094118841,0.01635210681193237,1,1500
0.0,0.0,2,1500
0.8184086718933657,1.0594709377642317,3,1500
