sharpe,utility,fold,k
0.1063607980578806,0.024141906496158407,1,800
0.4964020179099554,0.5590156326946698,2,800
0.8184084944373514,1.2513591029248239,3,800
