sharpe,utility,fold,k
0.09735851444005551,0.011135065107134287,1,1000
0.49642631565123246,0.35041695808360407,2,1000
0.8183980487943981,0.6129468757998755,3,1000
