sharpe,utility,fold,k
0.518443199832771,0.3206438363525084,1,1000.0
-0.09911468230777207,-0.0,2,1000.0
0.47874553235026013,0.5910658107288023,3,1000.0
