sharpe,utility,fold,k
-0.028961993577241073,-0.0,1,1000.0
0.22877429274714656,0.12590240042222284,2,1000.0
0.5716093066351062,0.6746717748109813,3,1000.0
